{
  "features": [
    {
      "geometry": {
        "coordinates": [
          [
            -71.37109822441144,
            -33.06286325417125
          ],
          [
            -71.37109641240883,
            -33.06181034179035
          ],
          [
            -71.37126954568487,
            -33.06128007203719
          ],
          [
            -71.37230201219806,
            -33.06043087035298
          ],
          [
            -71.37250360464952,
            -33.05996906604893
          ],
          [
            -71.372404,
            -33.058764
          ],
          [
            -71.37239,
            -33.057979
          ],
          [
            -71.372895,
            -33.057113
          ],
          [
            -71.373003,
            -33.056943
          ],
          [
            -71.373455,
            -33.056159
          ],
          [
            -71.373611,
            -33.055163
          ],
          [
            -71.373795,
            -33.054162
          ],
          [
            -71.373996,
            -33.053118
          ],
          [
            -71.374196,
            -33.052186
          ],
          [
            -71.374324,
            -33.051682
          ],
          [
            -71.374397,
            -33.051199
          ],
          [
            -71.37446,
            -33.050788
          ],
          [
            -71.37458,
            -33.05018
          ],
          [
            -71.374664,
            -33.049466
          ],
          [
            -71.374377,
            -33.048901
          ],
          [
            -71.374155,
            -33.048459
          ],
          [
            -71.37418,
            -33.047899
          ],
          [
            -71.37427381978122,
            -33.04625463546382
          ],
          [
            -71.37435301595607,
            -33.04554788582161
          ],
          [
            -71.37436126577573,
            -33.04428226242182
          ],
          [
            -71.37235037489354,
            -33.04417476471804
          ],
          [
            -71.37096499559668,
            -33.04416012854183
          ],
          [
            -71.37074638593272,
            -33.04286279229061
          ],
          [
            -71.37626728209224,
            -33.04306531754364
          ],
          [
            -71.3764524477748,
            -33.04431015788413
          ],
          [
            -71.37914696000624,
            -33.04434331380858
          ],
          [
            -71.37852427857827,
            -33.05153890004711
          ],
          [
            -71.3782113209519,
            -33.06003963032089
          ],
          [
            -71.3809070036662,
            -33.05999852865781
          ],
          [
            -71.38227295562947,
            -33.06019080553995
          ],
          [
            -71.38534689174732,
            -33.05952287172961
          ],
          [
            -71.38575324633969,
            -33.05947352666578
          ],
          [
            -71.38708766193795,
            -33.05916032992553
          ],
          [
            -71.38747738890979,
            -33.05885286001403
          ],
          [
            -71.38769514536631,
            -33.05829153124793
          ],
          [
            -71.38792136236563,
            -33.05786959162786
          ],
          [
            -71.38821535800366,
            -33.057692342666
          ],
          [
            -71.38989681662623,
            -33.05765600313832
          ],
          [
            -71.39004473225454,
            -33.06219194658135
          ],
          [
            -71.38778235424236,
            -33.06214349312147
          ],
          [
            -71.38775442406296,
            -33.06159660397363
          ],
          [
            -71.38350496967443,
            -33.06173799806207
          ],
          [
            -71.3835605375191,
            -33.06410476176658
          ],
          [
            -71.38784820834405,
            -33.06406299313075
          ],
          [
            -71.38795930858679,
            -33.06608869806774
          ],
          [
            -71.38881815478771,
            -33.06610667317202
          ]
        ],
        "type": "LineString"
      },
      "properties": {
        "name": "120_I"
      },
      "type": "Feature"
    },
    {
      "geometry": {
        "coordinates": [
          [
            -71.38879704127899,
            -33.06609355599127
          ],
          [
            -71.388087,
            -33.066068
          ],
          [
            -71.388067,
            -33.065838
          ],
          [
            -71.388041,
            -33.065538
          ],
          [
            -71.388016,
            -33.065252
          ],
          [
            -71.38781028544653,
            -33.06387864162212
          ],
          [
            -71.3855486461441,
            -33.06399108158341
          ],
          [
            -71.38356194120695,
            -33.06395364082455
          ],
          [
            -71.38349140362855,
            -33.06172122942512
          ],
          [
            -71.38711332463538,
            -33.06154532370519
          ],
          [
            -71.38777940848873,
            -33.06151316774149
          ],
          [
            -71.38779501231052,
            -33.06209368266255
          ],
          [
            -71.38796387583866,
            -33.06212533617859
          ],
          [
            -71.38840838619463,
            -33.06212105175389
          ],
          [
            -71.38883693055493,
            -33.06215295233508
          ],
          [
            -71.390107,
            -33.062221
          ],
          [
            -71.390088,
            -33.061542
          ],
          [
            -71.390048,
            -33.060606
          ],
          [
            -71.390054,
            -33.060342
          ],
          [
            -71.390037,
            -33.060207
          ],
          [
            -71.3900405399182,
            -33.0599025458317
          ],
          [
            -71.38999615051367,
            -33.05933044005557
          ],
          [
            -71.38998807674145,
            -33.05904768182253
          ],
          [
            -71.38998853423348,
            -33.05887875640362
          ],
          [
            -71.38998060477574,
            -33.05864883314698
          ],
          [
            -71.38997521776204,
            -33.05836328437552
          ],
          [
            -71.38995662081798,
            -33.05809828820032
          ],
          [
            -71.38996278379908,
            -33.05765628598122
          ],
          [
            -71.38989,
            -33.057541
          ],
          [
            -71.388982,
            -33.057544
          ],
          [
            -71.388297,
            -33.057538
          ],
          [
            -71.388073,
            -33.057572
          ],
          [
            -71.387926,
            -33.057642
          ],
          [
            -71.387783,
            -33.05784
          ],
          [
            -71.387597,
            -33.058178
          ],
          [
            -71.387419,
            -33.058587
          ],
          [
            -71.387275,
            -33.058829
          ],
          [
            -71.387163,
            -33.05897
          ],
          [
            -71.386973,
            -33.059081
          ],
          [
            -71.386784,
            -33.059141
          ],
          [
            -71.385655,
            -33.059392
          ],
          [
            -71.385599,
            -33.059441
          ],
          [
            -71.385539,
            -33.05947
          ],
          [
            -71.385282,
            -33.059565
          ],
          [
            -71.384683,
            -33.059689
          ],
          [
            -71.383985,
            -33.05984
          ],
          [
            -71.383235,
            -33.060021
          ],
          [
            -71.38229,
            -33.060245
          ],
          [
            -71.381715,
            -33.060147
          ],
          [
            -71.380923,
            -33.060004
          ],
          [
            -71.380137,
            -33.060023
          ],
          [
            -71.379613,
            -33.060023
          ],
          [
            -71.379195,
            -33.060045
          ],
          [
            -71.378703,
            -33.060059
          ],
          [
            -71.378235,
            -33.060045
          ],
          [
            -71.378235,
            -33.059889
          ],
          [
            -71.378173,
            -33.058481
          ],
          [
            -71.378146,
            -33.05781
          ],
          [
            -71.378183,
            -33.05641
          ],
          [
            -71.37819,
            -33.056011
          ],
          [
            -71.378195,
            -33.055485
          ],
          [
            -71.378214,
            -33.055303
          ],
          [
            -71.378235,
            -33.054793
          ],
          [
            -71.378393,
            -33.053739
          ],
          [
            -71.378447,
            -33.05261
          ],
          [
            -71.378586,
            -33.051572
          ],
          [
            -71.378575,
            -33.051227
          ],
          [
            -71.37865,
            -33.050389
          ],
          [
            -71.378692,
            -33.049212
          ],
          [
            -71.378692,
            -33.049044
          ],
          [
            -71.378703,
            -33.048595
          ],
          [
            -71.378775,
            -33.047577
          ],
          [
            -71.378857,
            -33.046599
          ],
          [
            -71.378974,
            -33.045635
          ],
          [
            -71.379123,
            -33.04439
          ],
          [
            -71.377792,
            -33.04437
          ],
          [
            -71.377569,
            -33.044376
          ],
          [
            -71.376571,
            -33.044351
          ],
          [
            -71.37597389076922,
            -33.04431772649756
          ],
          [
            -71.37548500952752,
            -33.04427735154775
          ],
          [
            -71.37505393575687,
            -33.04425035610319
          ],
          [
            -71.3744439926442,
            -33.04425039366762
          ],
          [
            -71.37433783667838,
            -33.04430489624782
          ],
          [
            -71.37420235599542,
            -33.04844821345927
          ],
          [
            -71.3746765337537,
            -33.04946089281879
          ],
          [
            -71.37350593992576,
            -33.05615225096368
          ],
          [
            -71.37236528469823,
            -33.05799880059848
          ],
          [
            -71.37249208006867,
            -33.05997347997894
          ],
          [
            -71.37231227028998,
            -33.06043316864923
          ],
          [
            -71.37127898006447,
            -33.06127735947204
          ],
          [
            -71.37110286400872,
            -33.0618265151853
          ],
          [
            -71.37111552778403,
            -33.06291931936784
          ]
        ],
        "type": "LineString"
      },
      "properties": {
        "name": "120_R"
      },
      "type": "Feature"
    },
    {
      "geometry": {
        "coordinates": [
          [
            -71.361942,
            -33.064508
          ],
          [
            -71.362018,
            -33.063122
          ],
          [
            -71.362031,
            -33.063047
          ],
          [
            -71.36081,
            -33.063004
          ],
          [
            -71.359539,
            -33.062962
          ],
          [
            -71.358273,
            -33.062898
          ],
          [
            -71.357771,
            -33.062876
          ],
          [
            -71.35702,
            -33.062258
          ],
          [
            -71.356219,
            -33.061922
          ],
          [
            -71.355792,
            -33.061739
          ],
          [
            -71.355453,
            -33.061503
          ],
          [
            -71.355011,
            -33.061108
          ],
          [
            -71.354728,
            -33.060942
          ],
          [
            -71.35456,
            -33.060667
          ],
          [
            -71.354484,
            -33.060343
          ],
          [
            -71.354568,
            -33.059933
          ],
          [
            -71.354832,
            -33.05871
          ],
          [
            -71.355351,
            -33.056785
          ],
          [
            -71.355531,
            -33.055666
          ],
          [
            -71.355616,
            -33.055115
          ],
          [
            -71.355693,
            -33.054611
          ],
          [
            -71.355815,
            -33.053817
          ],
          [
            -71.355849,
            -33.053594
          ],
          [
            -71.355866,
            -33.053482
          ],
          [
            -71.355911,
            -33.053172
          ],
          [
            -71.356137,
            -33.051901
          ],
          [
            -71.356271,
            -33.051239
          ],
          [
            -71.355855,
            -33.050578
          ],
          [
            -71.355285,
            -33.049691
          ],
          [
            -71.3545,
            -33.048411
          ],
          [
            -71.353763,
            -33.047207
          ],
          [
            -71.3534,
            -33.046652
          ],
          [
            -71.353362,
            -33.04657
          ],
          [
            -71.354249,
            -33.045677
          ],
          [
            -71.354383,
            -33.045565
          ],
          [
            -71.35615,
            -33.043782
          ],
          [
            -71.356567,
            -33.043451
          ],
          [
            -71.357038,
            -33.043093
          ],
          [
            -71.357828,
            -33.042737
          ],
          [
            -71.358678,
            -33.042326
          ],
          [
            -71.358885,
            -33.042316
          ],
          [
            -71.359118,
            -33.042351
          ],
          [
            -71.359286,
            -33.042416
          ],
          [
            -71.360581,
            -33.042908
          ],
          [
            -71.361513,
            -33.043303
          ],
          [
            -71.362586,
            -33.04366
          ],
          [
            -71.363197,
            -33.043766
          ],
          [
            -71.364238,
            -33.043763
          ],
          [
            -71.365269,
            -33.043738
          ],
          [
            -71.366527,
            -33.043845
          ],
          [
            -71.366998,
            -33.043877
          ],
          [
            -71.367297,
            -33.043899
          ],
          [
            -71.367742,
            -33.043941
          ],
          [
            -71.368888,
            -33.044015
          ],
          [
            -71.369982,
            -33.044048
          ],
          [
            -71.369982,
            -33.043469
          ],
          [
            -71.370018,
            -33.042925
          ],
          [
            -71.370153,
            -33.042852
          ],
          [
            -71.370457,
            -33.042871
          ],
          [
            -71.370761,
            -33.042884
          ],
          [
            -71.372232,
            -33.042966
          ],
          [
            -71.373254,
            -33.042996
          ],
          [
            -71.373684,
            -33.042996
          ],
          [
            -71.375118,
            -33.043026
          ],
          [
            -71.376399,
            -33.043069
          ],
          [
            -71.376288,
            -33.04241
          ],
          [
            -71.376167,
            -33.042184
          ],
          [
            -71.376113,
            -33.041662
          ],
          [
            -71.376041,
            -33.041084
          ],
          [
            -71.375931,
            -33.039509
          ],
          [
            -71.377269,
            -33.039257
          ],
          [
            -71.378629,
            -33.039036
          ],
          [
            -71.379867,
            -33.038788
          ],
          [
            -71.38003,
            -33.039889
          ],
          [
            -71.38012,
            -33.04049
          ],
          [
            -71.380264,
            -33.041455
          ],
          [
            -71.383537,
            -33.041509
          ],
          [
            -71.385116,
            -33.041595
          ],
          [
            -71.386103,
            -33.04178
          ],
          [
            -71.386971,
            -33.041993
          ],
          [
            -71.387951,
            -33.042341
          ],
          [
            -71.388055,
            -33.042364
          ],
          [
            -71.388476,
            -33.0425
          ],
          [
            -71.38866,
            -33.04256
          ],
          [
            -71.389966,
            -33.042839
          ],
          [
            -71.390471,
            -33.042947
          ],
          [
            -71.392242,
            -33.043271
          ],
          [
            -71.393121,
            -33.043445
          ],
          [
            -71.394775,
            -33.043703
          ],
          [
            -71.394792,
            -33.043219
          ],
          [
            -71.394786,
            -33.042754
          ],
          [
            -71.394778,
            -33.042301
          ],
          [
            -71.394778,
            -33.042066
          ],
          [
            -71.394772,
            -33.041611
          ],
          [
            -71.394758,
            -33.041171
          ],
          [
            -71.394747,
            -33.040659
          ],
          [
            -71.393612,
            -33.040727
          ],
          [
            -71.393208,
            -33.04069
          ],
          [
            -71.392424,
            -33.040356
          ],
          [
            -71.392401,
            -33.039962
          ],
          [
            -71.392412,
            -33.039229
          ],
          [
            -71.392428,
            -33.038908
          ],
          [
            -71.392428,
            -33.038675
          ],
          [
            -71.39241,
            -33.038555
          ],
          [
            -71.392428,
            -33.038322
          ],
          [
            -71.392428,
            -33.038097
          ],
          [
            -71.392445,
            -33.037826
          ],
          [
            -71.393575,
            -33.037894
          ],
          [
            -71.394562,
            -33.037891
          ],
          [
            -71.394686,
            -33.037879
          ],
          [
            -71.394713,
            -33.038262
          ],
          [
            -71.394722,
            -33.038638
          ],
          [
            -71.394713,
            -33.039239
          ],
          [
            -71.395144,
            -33.039239
          ],
          [
            -71.395574,
            -33.039239
          ],
          [
            -71.395977,
            -33.039224
          ],
          [
            -71.396344,
            -33.039198
          ],
          [
            -71.396577,
            -33.039182
          ],
          [
            -71.396775,
            -33.03916
          ],
          [
            -71.396999,
            -33.03916
          ],
          [
            -71.397465,
            -33.039115
          ],
          [
            -71.397877,
            -33.03907
          ],
          [
            -71.398361,
            -33.03907
          ],
          [
            -71.398693,
            -33.039072
          ],
          [
            -71.399079,
            -33.039069
          ],
          [
            -71.399694,
            -33.039076
          ],
          [
            -71.399694,
            -33.03869
          ],
          [
            -71.399669,
            -33.037999
          ],
          [
            -71.400342,
            -33.038013
          ],
          [
            -71.400514,
            -33.03802
          ],
          [
            -71.401256,
            -33.038018
          ],
          [
            -71.402027,
            -33.038055
          ],
          [
            -71.402762,
            -33.038093
          ],
          [
            -71.404313,
            -33.038138
          ],
          [
            -71.405469,
            -33.038168
          ],
          [
            -71.405514,
            -33.037184
          ],
          [
            -71.405608,
            -33.036135
          ],
          [
            -71.406757,
            -33.036149
          ],
          [
            -71.407693,
            -33.036169
          ],
          [
            -71.407684,
            -33.037199
          ],
          [
            -71.407675,
            -33.038221
          ],
          [
            -71.407666,
            -33.03904
          ],
          [
            -71.407665,
            -33.039234
          ],
          [
            -71.407603,
            -33.040543
          ],
          [
            -71.407576,
            -33.041516
          ],
          [
            -71.407544,
            -33.04244
          ],
          [
            -71.406662,
            -33.042703
          ],
          [
            -71.405416,
            -33.043101
          ],
          [
            -71.405344,
            -33.043992
          ],
          [
            -71.405379,
            -33.044367
          ],
          [
            -71.405297,
            -33.045444
          ],
          [
            -71.405358,
            -33.046404
          ],
          [
            -71.406012,
            -33.046484
          ],
          [
            -71.406523,
            -33.046521
          ],
          [
            -71.407378,
            -33.046548
          ],
          [
            -71.407808,
            -33.046544
          ],
          [
            -71.408466,
            -33.046501
          ],
          [
            -71.409006,
            -33.046487
          ],
          [
            -71.409192,
            -33.046487
          ],
          [
            -71.410577,
            -33.046361
          ],
          [
            -71.411395,
            -33.046279
          ],
          [
            -71.411964,
            -33.046193
          ],
          [
            -71.412698,
            -33.046027
          ],
          [
            -71.413454,
            -33.045804
          ],
          [
            -71.414341,
            -33.045477
          ],
          [
            -71.414875,
            -33.045261
          ],
          [
            -71.415567,
            -33.045098
          ],
          [
            -71.416395,
            -33.044937
          ],
          [
            -71.416798,
            -33.044858
          ],
          [
            -71.417389,
            -33.044764
          ],
          [
            -71.418394,
            -33.044462
          ],
          [
            -71.418891,
            -33.044306
          ],
          [
            -71.419341,
            -33.044176
          ],
          [
            -71.420267,
            -33.043892
          ],
          [
            -71.421262,
            -33.04357
          ],
          [
            -71.422377,
            -33.043183
          ],
          [
            -71.422878,
            -33.043005
          ],
          [
            -71.423645,
            -33.042768
          ],
          [
            -71.424144,
            -33.042621
          ],
          [
            -71.424816,
            -33.042439
          ],
          [
            -71.425275,
            -33.042312
          ],
          [
            -71.425743,
            -33.042217
          ],
          [
            -71.426263,
            -33.042173
          ],
          [
            -71.426712,
            -33.04218
          ],
          [
            -71.427265,
            -33.042204
          ],
          [
            -71.427568,
            -33.042258
          ],
          [
            -71.428599,
            -33.042278
          ],
          [
            -71.42984,
            -33.042283
          ],
          [
            -71.430118,
            -33.04229
          ],
          [
            -71.430665,
            -33.04241
          ],
          [
            -71.430952,
            -33.042502
          ],
          [
            -71.432876,
            -33.042985
          ],
          [
            -71.434351,
            -33.043372
          ],
          [
            -71.434804,
            -33.043505
          ],
          [
            -71.435685,
            -33.043882
          ],
          [
            -71.436848,
            -33.044434
          ],
          [
            -71.437096,
            -33.044552
          ],
          [
            -71.437961,
            -33.044942
          ],
          [
            -71.439202,
            -33.045522
          ],
          [
            -71.440714,
            -33.046239
          ],
          [
            -71.441212,
            -33.046264
          ],
          [
            -71.441908,
            -33.046954
          ],
          [
            -71.442701,
            -33.047739
          ],
          [
            -71.443184,
            -33.048181
          ],
          [
            -71.443392,
            -33.048179
          ],
          [
            -71.443815,
            -33.048166
          ],
          [
            -71.444571,
            -33.048076
          ],
          [
            -71.444537,
            -33.04662
          ],
          [
            -71.444485,
            -33.045569
          ],
          [
            -71.445353,
            -33.045576
          ],
          [
            -71.44538,
            -33.046063
          ],
          [
            -71.445383,
            -33.046603
          ],
          [
            -71.445413,
            -33.047942
          ],
          [
            -71.444756,
            -33.048064
          ],
          [
            -71.444571,
            -33.048076
          ],
          [
            -71.443815,
            -33.048166
          ],
          [
            -71.443392,
            -33.048179
          ],
          [
            -71.443184,
            -33.048181
          ],
          [
            -71.442144,
            -33.048203
          ],
          [
            -71.440884,
            -33.048237
          ],
          [
            -71.439654,
            -33.048274
          ],
          [
            -71.439663,
            -33.049357
          ],
          [
            -71.43971,
            -33.050384
          ],
          [
            -71.439646,
            -33.051419
          ],
          [
            -71.43934,
            -33.052439
          ],
          [
            -71.438872,
            -33.053876
          ],
          [
            -71.438571,
            -33.055073
          ],
          [
            -71.438589,
            -33.055307
          ],
          [
            -71.438652,
            -33.055391
          ],
          [
            -71.438752,
            -33.055525
          ],
          [
            -71.439035,
            -33.055837
          ],
          [
            -71.439187,
            -33.056275
          ],
          [
            -71.439133,
            -33.05675
          ],
          [
            -71.438871,
            -33.05738
          ],
          [
            -71.438768,
            -33.057599
          ],
          [
            -71.438167,
            -33.058013
          ],
          [
            -71.43771,
            -33.058445
          ],
          [
            -71.437248,
            -33.059124
          ],
          [
            -71.436877,
            -33.059462
          ],
          [
            -71.436638,
            -33.059517
          ],
          [
            -71.436856,
            -33.060633
          ],
          [
            -71.436834,
            -33.060976
          ],
          [
            -71.436718,
            -33.061228
          ],
          [
            -71.436643,
            -33.061378
          ],
          [
            -71.436597,
            -33.061542
          ],
          [
            -71.436653,
            -33.061699
          ],
          [
            -71.436805,
            -33.061875
          ],
          [
            -71.437181,
            -33.062435
          ],
          [
            -71.437181,
            -33.062507
          ],
          [
            -71.437181,
            -33.062599
          ],
          [
            -71.437218,
            -33.062748
          ],
          [
            -71.437261,
            -33.062842
          ],
          [
            -71.437319,
            -33.063064
          ],
          [
            -71.437303,
            -33.063324
          ],
          [
            -71.437319,
            -33.063883
          ],
          [
            -71.437838,
            -33.064338
          ],
          [
            -71.437972,
            -33.064456
          ],
          [
            -71.43872,
            -33.065111
          ],
          [
            -71.438853,
            -33.065741
          ],
          [
            -71.438968,
            -33.066288
          ],
          [
            -71.438996,
            -33.066421
          ],
          [
            -71.439166,
            -33.067182
          ],
          [
            -71.439514,
            -33.06874
          ],
          [
            -71.43965,
            -33.069352
          ],
          [
            -71.439705,
            -33.069598
          ],
          [
            -71.438683,
            -33.069505
          ],
          [
            -71.438231,
            -33.067478
          ],
          [
            -71.43815,
            -33.06688
          ],
          [
            -71.438443,
            -33.066462
          ],
          [
            -71.438182,
            -33.065507
          ],
          [
            -71.438003,
            -33.064975
          ],
          [
            -71.437972,
            -33.064456
          ],
          [
            -71.437838,
            -33.064338
          ],
          [
            -71.437466,
            -33.064634
          ],
          [
            -71.437385,
            -33.065002
          ],
          [
            -71.436619,
            -33.06522
          ],
          [
            -71.436277,
            -33.064865
          ],
          [
            -71.435984,
            -33.06477
          ],
          [
            -71.436131,
            -33.063801
          ],
          [
            -71.435187,
            -33.06376
          ],
          [
            -71.434877,
            -33.063815
          ],
          [
            -71.43338,
            -33.063889
          ],
          [
            -71.432841,
            -33.06386
          ],
          [
            -71.432348,
            -33.063794
          ],
          [
            -71.431808,
            -33.063749
          ],
          [
            -71.429266,
            -33.064063
          ],
          [
            -71.428627,
            -33.064148
          ],
          [
            -71.428375,
            -33.064366
          ],
          [
            -71.42804,
            -33.064576
          ],
          [
            -71.427471,
            -33.064962
          ],
          [
            -71.427395,
            -33.065014
          ],
          [
            -71.426462,
            -33.065656
          ],
          [
            -71.426045,
            -33.065921
          ],
          [
            -71.425712,
            -33.066172
          ],
          [
            -71.425067,
            -33.066584
          ],
          [
            -71.425316,
            -33.066873
          ],
          [
            -71.42609,
            -33.068057
          ],
          [
            -71.426299,
            -33.068398
          ],
          [
            -71.42687,
            -33.069363
          ],
          [
            -71.426499,
            -33.069538
          ],
          [
            -71.426164,
            -33.0697
          ],
          [
            -71.426008,
            -33.069769
          ],
          [
            -71.425829,
            -33.069854
          ],
          [
            -71.424972,
            -33.07025
          ],
          [
            -71.425141,
            -33.070822
          ],
          [
            -71.425176,
            -33.070899
          ],
          [
            -71.425277,
            -33.071071
          ],
          [
            -71.42534,
            -33.071163
          ],
          [
            -71.425374,
            -33.071214
          ],
          [
            -71.425445,
            -33.071339
          ],
          [
            -71.425498,
            -33.07141
          ],
          [
            -71.425608,
            -33.071582
          ],
          [
            -71.425656,
            -33.07167
          ],
          [
            -71.425776,
            -33.071859
          ],
          [
            -71.425824,
            -33.071943
          ],
          [
            -71.425945,
            -33.07211
          ],
          [
            -71.426491,
            -33.073114
          ],
          [
            -71.426339,
            -33.07315
          ],
          [
            -71.426197,
            -33.073198
          ],
          [
            -71.42596,
            -33.073263
          ],
          [
            -71.42584,
            -33.073286
          ],
          [
            -71.425535,
            -33.07337
          ],
          [
            -71.425098,
            -33.073467
          ]
        ],
        "type": "LineString"
      },
      "properties": {
        "name": "122_I"
      },
      "type": "Feature"
    },
    {
      "geometry": {
        "coordinates": [
          [
            -71.425098,
            -33.073467
          ],
          [
            -71.42472,
            -33.072762
          ],
          [
            -71.424605,
            -33.072559
          ],
          [
            -71.424568,
            -33.072493
          ],
          [
            -71.424426,
            -33.072273
          ],
          [
            -71.424394,
            -33.07222
          ],
          [
            -71.424261,
            -33.071961
          ],
          [
            -71.424121,
            -33.071709
          ],
          [
            -71.424095,
            -33.071661
          ],
          [
            -71.423963,
            -33.071414
          ],
          [
            -71.423926,
            -33.071357
          ],
          [
            -71.42365,
            -33.070846
          ],
          [
            -71.423296,
            -33.070241
          ],
          [
            -71.42313,
            -33.069951
          ],
          [
            -71.422975,
            -33.069681
          ],
          [
            -71.422798,
            -33.069388
          ],
          [
            -71.422765,
            -33.069333
          ],
          [
            -71.422634,
            -33.06912
          ],
          [
            -71.422602,
            -33.069067
          ],
          [
            -71.422576,
            -33.06827
          ],
          [
            -71.422581,
            -33.068045
          ],
          [
            -71.423312,
            -33.067605
          ],
          [
            -71.425067,
            -33.066584
          ],
          [
            -71.425712,
            -33.066172
          ],
          [
            -71.426045,
            -33.065921
          ],
          [
            -71.426462,
            -33.065656
          ],
          [
            -71.427395,
            -33.065014
          ],
          [
            -71.427471,
            -33.064962
          ],
          [
            -71.42804,
            -33.064576
          ],
          [
            -71.428375,
            -33.064366
          ],
          [
            -71.428627,
            -33.064148
          ],
          [
            -71.429266,
            -33.064063
          ],
          [
            -71.431808,
            -33.063749
          ],
          [
            -71.432348,
            -33.063794
          ],
          [
            -71.432841,
            -33.06386
          ],
          [
            -71.43338,
            -33.063889
          ],
          [
            -71.434877,
            -33.063815
          ],
          [
            -71.434877,
            -33.064497
          ],
          [
            -71.435984,
            -33.06477
          ],
          [
            -71.436277,
            -33.064865
          ],
          [
            -71.436473,
            -33.064565
          ],
          [
            -71.436619,
            -33.064429
          ],
          [
            -71.436831,
            -33.064429
          ],
          [
            -71.437173,
            -33.064456
          ],
          [
            -71.437466,
            -33.064634
          ],
          [
            -71.437838,
            -33.064338
          ],
          [
            -71.437972,
            -33.064456
          ],
          [
            -71.438003,
            -33.064975
          ],
          [
            -71.438182,
            -33.065507
          ],
          [
            -71.438443,
            -33.066462
          ],
          [
            -71.43815,
            -33.06688
          ],
          [
            -71.438231,
            -33.067478
          ],
          [
            -71.438683,
            -33.069505
          ],
          [
            -71.439705,
            -33.069598
          ],
          [
            -71.43965,
            -33.069352
          ],
          [
            -71.439514,
            -33.06874
          ],
          [
            -71.439166,
            -33.067182
          ],
          [
            -71.438996,
            -33.066421
          ],
          [
            -71.438968,
            -33.066288
          ],
          [
            -71.438853,
            -33.065741
          ],
          [
            -71.43872,
            -33.065111
          ],
          [
            -71.437972,
            -33.064456
          ],
          [
            -71.437838,
            -33.064338
          ],
          [
            -71.437319,
            -33.063883
          ],
          [
            -71.437303,
            -33.063324
          ],
          [
            -71.437319,
            -33.063064
          ],
          [
            -71.437261,
            -33.062842
          ],
          [
            -71.437218,
            -33.062748
          ],
          [
            -71.437181,
            -33.062599
          ],
          [
            -71.437181,
            -33.062507
          ],
          [
            -71.437181,
            -33.062435
          ],
          [
            -71.436805,
            -33.061875
          ],
          [
            -71.436653,
            -33.061699
          ],
          [
            -71.436597,
            -33.061542
          ],
          [
            -71.436643,
            -33.061378
          ],
          [
            -71.436718,
            -33.061228
          ],
          [
            -71.436834,
            -33.060976
          ],
          [
            -71.436856,
            -33.060633
          ],
          [
            -71.436638,
            -33.059517
          ],
          [
            -71.436877,
            -33.059462
          ],
          [
            -71.437248,
            -33.059124
          ],
          [
            -71.43771,
            -33.058445
          ],
          [
            -71.438167,
            -33.058013
          ],
          [
            -71.438768,
            -33.057599
          ],
          [
            -71.438871,
            -33.05738
          ],
          [
            -71.439133,
            -33.05675
          ],
          [
            -71.439187,
            -33.056275
          ],
          [
            -71.439035,
            -33.055837
          ],
          [
            -71.438752,
            -33.055525
          ],
          [
            -71.438652,
            -33.055391
          ],
          [
            -71.438589,
            -33.055307
          ],
          [
            -71.438571,
            -33.055073
          ],
          [
            -71.438872,
            -33.053876
          ],
          [
            -71.43934,
            -33.052439
          ],
          [
            -71.440971,
            -33.052436
          ],
          [
            -71.440949,
            -33.051403
          ],
          [
            -71.442181,
            -33.051385
          ],
          [
            -71.443452,
            -33.051355
          ],
          [
            -71.444681,
            -33.05134
          ],
          [
            -71.445904,
            -33.051304
          ],
          [
            -71.445892,
            -33.050556
          ],
          [
            -71.445742,
            -33.050023
          ],
          [
            -71.445579,
            -33.049618
          ],
          [
            -71.444756,
            -33.048064
          ],
          [
            -71.444571,
            -33.048076
          ],
          [
            -71.444537,
            -33.04662
          ],
          [
            -71.444485,
            -33.045569
          ],
          [
            -71.445353,
            -33.045576
          ],
          [
            -71.44538,
            -33.046063
          ],
          [
            -71.445383,
            -33.046603
          ],
          [
            -71.445413,
            -33.047942
          ],
          [
            -71.444756,
            -33.048064
          ],
          [
            -71.444571,
            -33.048076
          ],
          [
            -71.443815,
            -33.048166
          ],
          [
            -71.443392,
            -33.048179
          ],
          [
            -71.443184,
            -33.048181
          ],
          [
            -71.442144,
            -33.048203
          ],
          [
            -71.440884,
            -33.048237
          ],
          [
            -71.439654,
            -33.048274
          ],
          [
            -71.438398,
            -33.04829
          ],
          [
            -71.437158,
            -33.048384
          ],
          [
            -71.435895,
            -33.048374
          ],
          [
            -71.434259,
            -33.048419
          ],
          [
            -71.432544,
            -33.048456
          ],
          [
            -71.431906,
            -33.048473
          ],
          [
            -71.430682,
            -33.048505
          ],
          [
            -71.42887,
            -33.048532
          ],
          [
            -71.42845,
            -33.048546
          ],
          [
            -71.427918,
            -33.048557
          ],
          [
            -71.427669,
            -33.04855
          ],
          [
            -71.427305,
            -33.048423
          ],
          [
            -71.427118,
            -33.048341
          ],
          [
            -71.426984,
            -33.048246
          ],
          [
            -71.426816,
            -33.048103
          ],
          [
            -71.426656,
            -33.047894
          ],
          [
            -71.426544,
            -33.047651
          ],
          [
            -71.426506,
            -33.047549
          ],
          [
            -71.42625,
            -33.046796
          ],
          [
            -71.426111,
            -33.046466
          ],
          [
            -71.425489,
            -33.044762
          ],
          [
            -71.425061,
            -33.043666
          ],
          [
            -71.424879,
            -33.043433
          ],
          [
            -71.424744,
            -33.043313
          ],
          [
            -71.42461,
            -33.043194
          ],
          [
            -71.424089,
            -33.043001
          ],
          [
            -71.423713,
            -33.042943
          ],
          [
            -71.423129,
            -33.042979
          ],
          [
            -71.422438,
            -33.043249
          ],
          [
            -71.419303,
            -33.044281
          ],
          [
            -71.418857,
            -33.044426
          ],
          [
            -71.418133,
            -33.044655
          ],
          [
            -71.417432,
            -33.044851
          ],
          [
            -71.416934,
            -33.044947
          ],
          [
            -71.41658,
            -33.045002
          ],
          [
            -71.415789,
            -33.045113
          ],
          [
            -71.415321,
            -33.045238
          ],
          [
            -71.414851,
            -33.045391
          ],
          [
            -71.413465,
            -33.045894
          ],
          [
            -71.412819,
            -33.046103
          ],
          [
            -71.411964,
            -33.046289
          ],
          [
            -71.411431,
            -33.046354
          ],
          [
            -71.410571,
            -33.046432
          ],
          [
            -71.409192,
            -33.046547
          ],
          [
            -71.409012,
            -33.046557
          ],
          [
            -71.408466,
            -33.046578
          ],
          [
            -71.407807,
            -33.046623
          ],
          [
            -71.407379,
            -33.046631
          ],
          [
            -71.406524,
            -33.046608
          ],
          [
            -71.406317,
            -33.046586
          ],
          [
            -71.405318,
            -33.046477
          ],
          [
            -71.405358,
            -33.046404
          ],
          [
            -71.405297,
            -33.045444
          ],
          [
            -71.405379,
            -33.044367
          ],
          [
            -71.405344,
            -33.043992
          ],
          [
            -71.405416,
            -33.043101
          ],
          [
            -71.406662,
            -33.042703
          ],
          [
            -71.407544,
            -33.04244
          ],
          [
            -71.407576,
            -33.041516
          ],
          [
            -71.407603,
            -33.040543
          ],
          [
            -71.407665,
            -33.039234
          ],
          [
            -71.407666,
            -33.03904
          ],
          [
            -71.407675,
            -33.038221
          ],
          [
            -71.407684,
            -33.037199
          ],
          [
            -71.407693,
            -33.036169
          ],
          [
            -71.406757,
            -33.036149
          ],
          [
            -71.405608,
            -33.036135
          ],
          [
            -71.405514,
            -33.037184
          ],
          [
            -71.405469,
            -33.038168
          ],
          [
            -71.404313,
            -33.038138
          ],
          [
            -71.402762,
            -33.038093
          ],
          [
            -71.402027,
            -33.038055
          ],
          [
            -71.401256,
            -33.038018
          ],
          [
            -71.400514,
            -33.03802
          ],
          [
            -71.400342,
            -33.038013
          ],
          [
            -71.399669,
            -33.037999
          ],
          [
            -71.399694,
            -33.03869
          ],
          [
            -71.399694,
            -33.039076
          ],
          [
            -71.399079,
            -33.039069
          ],
          [
            -71.398693,
            -33.039072
          ],
          [
            -71.398361,
            -33.03907
          ],
          [
            -71.397877,
            -33.03907
          ],
          [
            -71.397465,
            -33.039115
          ],
          [
            -71.396999,
            -33.03916
          ],
          [
            -71.396775,
            -33.03916
          ],
          [
            -71.396577,
            -33.039182
          ],
          [
            -71.396344,
            -33.039198
          ],
          [
            -71.395977,
            -33.039224
          ],
          [
            -71.395574,
            -33.039239
          ],
          [
            -71.395144,
            -33.039239
          ],
          [
            -71.394713,
            -33.039239
          ],
          [
            -71.394722,
            -33.038638
          ],
          [
            -71.394713,
            -33.038262
          ],
          [
            -71.394686,
            -33.037879
          ],
          [
            -71.394562,
            -33.037891
          ],
          [
            -71.393575,
            -33.037894
          ],
          [
            -71.392445,
            -33.037826
          ],
          [
            -71.392428,
            -33.038097
          ],
          [
            -71.392428,
            -33.038322
          ],
          [
            -71.39241,
            -33.038555
          ],
          [
            -71.392428,
            -33.038675
          ],
          [
            -71.392428,
            -33.038908
          ],
          [
            -71.392412,
            -33.039229
          ],
          [
            -71.392401,
            -33.039962
          ],
          [
            -71.392424,
            -33.040356
          ],
          [
            -71.393208,
            -33.04069
          ],
          [
            -71.393612,
            -33.040727
          ],
          [
            -71.394747,
            -33.040659
          ],
          [
            -71.394758,
            -33.041171
          ],
          [
            -71.394772,
            -33.041611
          ],
          [
            -71.394778,
            -33.042066
          ],
          [
            -71.394778,
            -33.042301
          ],
          [
            -71.394786,
            -33.042754
          ],
          [
            -71.394792,
            -33.043219
          ],
          [
            -71.394775,
            -33.043703
          ],
          [
            -71.393121,
            -33.043445
          ],
          [
            -71.392242,
            -33.043271
          ],
          [
            -71.390471,
            -33.042947
          ],
          [
            -71.389966,
            -33.042839
          ],
          [
            -71.38866,
            -33.04256
          ],
          [
            -71.388476,
            -33.0425
          ],
          [
            -71.388055,
            -33.042364
          ],
          [
            -71.387951,
            -33.042341
          ],
          [
            -71.386971,
            -33.041993
          ],
          [
            -71.386103,
            -33.04178
          ],
          [
            -71.385116,
            -33.041595
          ],
          [
            -71.383537,
            -33.041509
          ],
          [
            -71.380264,
            -33.041455
          ],
          [
            -71.38012,
            -33.04049
          ],
          [
            -71.38003,
            -33.039889
          ],
          [
            -71.379867,
            -33.038788
          ],
          [
            -71.378629,
            -33.039036
          ],
          [
            -71.377269,
            -33.039257
          ],
          [
            -71.375931,
            -33.039509
          ],
          [
            -71.376041,
            -33.041084
          ],
          [
            -71.376113,
            -33.041662
          ],
          [
            -71.376167,
            -33.042184
          ],
          [
            -71.376288,
            -33.04241
          ],
          [
            -71.376399,
            -33.043069
          ],
          [
            -71.376482,
            -33.043661
          ],
          [
            -71.376572,
            -33.044266
          ],
          [
            -71.376571,
            -33.044351
          ],
          [
            -71.375897,
            -33.044336
          ],
          [
            -71.375331,
            -33.044342
          ],
          [
            -71.374361,
            -33.04433
          ],
          [
            -71.373922,
            -33.04432
          ],
          [
            -71.372899,
            -33.044267
          ],
          [
            -71.372422,
            -33.044256
          ],
          [
            -71.370958,
            -33.044169
          ],
          [
            -71.369953,
            -33.044132
          ],
          [
            -71.368865,
            -33.0441
          ],
          [
            -71.36776,
            -33.044021
          ],
          [
            -71.36731,
            -33.043986
          ],
          [
            -71.366993,
            -33.043956
          ],
          [
            -71.366501,
            -33.043911
          ],
          [
            -71.365266,
            -33.04381
          ],
          [
            -71.364247,
            -33.043856
          ],
          [
            -71.363167,
            -33.043868
          ],
          [
            -71.362331,
            -33.043671
          ],
          [
            -71.361491,
            -33.043397
          ],
          [
            -71.360545,
            -33.042999
          ],
          [
            -71.359269,
            -33.042489
          ],
          [
            -71.358731,
            -33.042421
          ],
          [
            -71.358042,
            -33.04271
          ],
          [
            -71.357155,
            -33.043142
          ],
          [
            -71.356642,
            -33.043523
          ],
          [
            -71.356271,
            -33.043853
          ],
          [
            -71.3545,
            -33.045549
          ],
          [
            -71.354428,
            -33.045655
          ],
          [
            -71.35432,
            -33.045725
          ],
          [
            -71.3534,
            -33.046652
          ],
          [
            -71.353763,
            -33.047207
          ],
          [
            -71.3545,
            -33.048411
          ],
          [
            -71.355285,
            -33.049691
          ],
          [
            -71.355855,
            -33.050578
          ],
          [
            -71.356271,
            -33.051239
          ],
          [
            -71.356137,
            -33.051901
          ],
          [
            -71.355911,
            -33.053172
          ],
          [
            -71.355866,
            -33.053482
          ],
          [
            -71.355849,
            -33.053594
          ],
          [
            -71.355815,
            -33.053817
          ],
          [
            -71.355693,
            -33.054611
          ],
          [
            -71.355616,
            -33.055115
          ],
          [
            -71.355531,
            -33.055666
          ],
          [
            -71.355351,
            -33.056785
          ],
          [
            -71.354832,
            -33.05871
          ],
          [
            -71.354568,
            -33.059933
          ],
          [
            -71.354484,
            -33.060343
          ],
          [
            -71.35456,
            -33.060667
          ],
          [
            -71.354728,
            -33.060942
          ],
          [
            -71.355011,
            -33.061108
          ],
          [
            -71.355453,
            -33.061503
          ],
          [
            -71.355792,
            -33.061739
          ],
          [
            -71.356219,
            -33.061922
          ],
          [
            -71.35702,
            -33.062258
          ],
          [
            -71.357771,
            -33.062876
          ],
          [
            -71.358273,
            -33.062898
          ],
          [
            -71.359539,
            -33.062962
          ],
          [
            -71.36081,
            -33.063004
          ],
          [
            -71.362031,
            -33.063047
          ],
          [
            -71.362018,
            -33.063122
          ],
          [
            -71.361942,
            -33.064508
          ]
        ],
        "type": "LineString"
      },
      "properties": {
        "name": "122_R"
      },
      "type": "Feature"
    },
    {
      "geometry": {
        "coordinates": [
          [
            -71.44524,
            -33.04559
          ],
          [
            -71.44524,
            -33.04559
          ],
          [
            -71.44524,
            -33.04559
          ],
          [
            -71.4453,
            -33.04571
          ],
          [
            -71.44533,
            -33.04601
          ],
          [
            -71.44536,
            -33.04617
          ],
          [
            -71.44537,
            -33.04652
          ],
          [
            -71.44537,
            -33.04657
          ],
          [
            -71.44539,
            -33.04762
          ],
          [
            -71.4454,
            -33.04786
          ],
          [
            -71.44543,
            -33.04792
          ],
          [
            -71.44543,
            -33.04792
          ],
          [
            -71.44513,
            -33.04798
          ],
          [
            -71.44494,
            -33.04802
          ],
          [
            -71.44468,
            -33.04806
          ],
          [
            -71.44447,
            -33.04809
          ],
          [
            -71.4444,
            -33.04809
          ],
          [
            -71.44427,
            -33.04811
          ],
          [
            -71.44419,
            -33.04812
          ],
          [
            -71.44379,
            -33.04816
          ],
          [
            -71.44355,
            -33.04818
          ],
          [
            -71.44333,
            -33.04819
          ],
          [
            -71.44326,
            -33.04819
          ],
          [
            -71.44315,
            -33.04821
          ],
          [
            -71.4429,
            -33.04821
          ],
          [
            -71.44269,
            -33.0482
          ],
          [
            -71.44255,
            -33.0482
          ],
          [
            -71.44255,
            -33.0482
          ],
          [
            -71.44246,
            -33.04821
          ],
          [
            -71.44218,
            -33.04822
          ],
          [
            -71.44209,
            -33.04822
          ],
          [
            -71.44198,
            -33.04822
          ],
          [
            -71.44167,
            -33.04823
          ],
          [
            -71.4416,
            -33.04823
          ],
          [
            -71.44154,
            -33.04823
          ],
          [
            -71.44141,
            -33.04823
          ],
          [
            -71.44085,
            -33.04825
          ],
          [
            -71.43961,
            -33.04828
          ],
          [
            -71.43872,
            -33.0483
          ],
          [
            -71.43844,
            -33.0483
          ],
          [
            -71.43837,
            -33.0483
          ],
          [
            -71.4371,
            -33.04833
          ],
          [
            -71.43664,
            -33.04834
          ],
          [
            -71.43596,
            -33.04836
          ],
          [
            -71.43587,
            -33.04836
          ],
          [
            -71.43545,
            -33.04837
          ],
          [
            -71.43505,
            -33.04839
          ],
          [
            -71.43483,
            -33.04839
          ],
          [
            -71.43425,
            -33.0484
          ],
          [
            -71.43339,
            -33.04841
          ],
          [
            -71.43328,
            -33.04842
          ],
          [
            -71.43251,
            -33.04844
          ],
          [
            -71.43224,
            -33.04845
          ],
          [
            -71.43201,
            -33.04846
          ],
          [
            -71.43072,
            -33.04848
          ],
          [
            -71.43042,
            -33.04848
          ],
          [
            -71.43,
            -33.04849
          ],
          [
            -71.42989,
            -33.04849
          ],
          [
            -71.4291,
            -33.04849
          ],
          [
            -71.429,
            -33.04849
          ],
          [
            -71.42873,
            -33.04849
          ],
          [
            -71.42858,
            -33.0485
          ],
          [
            -71.4284,
            -33.0485
          ],
          [
            -71.42818,
            -33.04851
          ],
          [
            -71.42792,
            -33.04851
          ],
          [
            -71.42771,
            -33.04852
          ],
          [
            -71.42748,
            -33.04845
          ],
          [
            -71.42726,
            -33.04836
          ],
          [
            -71.42726,
            -33.04836
          ],
          [
            -71.42725,
            -33.04836
          ],
          [
            -71.4271,
            -33.04828
          ],
          [
            -71.42692,
            -33.04817
          ],
          [
            -71.42679,
            -33.04805
          ],
          [
            -71.42664,
            -33.04786
          ],
          [
            -71.42656,
            -33.0477
          ],
          [
            -71.42643,
            -33.04732
          ],
          [
            -71.4262,
            -33.04673
          ],
          [
            -71.42592,
            -33.04598
          ],
          [
            -71.42568,
            -33.04528
          ],
          [
            -71.42559,
            -33.04503
          ],
          [
            -71.42538,
            -33.04442
          ],
          [
            -71.4252,
            -33.04393
          ],
          [
            -71.42508,
            -33.04367
          ],
          [
            -71.42498,
            -33.04353
          ],
          [
            -71.42484,
            -33.04338
          ],
          [
            -71.42469,
            -33.04325
          ],
          [
            -71.4245,
            -33.04313
          ],
          [
            -71.42439,
            -33.04308
          ],
          [
            -71.42397,
            -33.04297
          ],
          [
            -71.42383,
            -33.04295
          ],
          [
            -71.42365,
            -33.04294
          ],
          [
            -71.42356,
            -33.04294
          ],
          [
            -71.42343,
            -33.04295
          ],
          [
            -71.42332,
            -33.04296
          ],
          [
            -71.42274,
            -33.04315
          ],
          [
            -71.42248,
            -33.04324
          ],
          [
            -71.42228,
            -33.04331
          ],
          [
            -71.42209,
            -33.04337
          ],
          [
            -71.42158,
            -33.04355
          ],
          [
            -71.42152,
            -33.04357
          ],
          [
            -71.42143,
            -33.04359
          ],
          [
            -71.42113,
            -33.04369
          ],
          [
            -71.42057,
            -33.04388
          ],
          [
            -71.42042,
            -33.04393
          ],
          [
            -71.42035,
            -33.04395
          ],
          [
            -71.41937,
            -33.04427
          ],
          [
            -71.41928,
            -33.0443
          ],
          [
            -71.41894,
            -33.04441
          ],
          [
            -71.41886,
            -33.04444
          ],
          [
            -71.41856,
            -33.04453
          ],
          [
            -71.4182,
            -33.04463
          ],
          [
            -71.41783,
            -33.04474
          ],
          [
            -71.41767,
            -33.04479
          ],
          [
            -71.41754,
            -33.04483
          ],
          [
            -71.41745,
            -33.04485
          ],
          [
            -71.41734,
            -33.04488
          ],
          [
            -71.41715,
            -33.0449
          ],
          [
            -71.41673,
            -33.04495
          ],
          [
            -71.41633,
            -33.04501
          ],
          [
            -71.41608,
            -33.04504
          ],
          [
            -71.41557,
            -33.04516
          ],
          [
            -71.41529,
            -33.0452
          ],
          [
            -71.41515,
            -33.04525
          ],
          [
            -71.4149,
            -33.04533
          ],
          [
            -71.41437,
            -33.04551
          ],
          [
            -71.41371,
            -33.04574
          ],
          [
            -71.41348,
            -33.04582
          ],
          [
            -71.41326,
            -33.0459
          ],
          [
            -71.41309,
            -33.04595
          ],
          [
            -71.41285,
            -33.04603
          ],
          [
            -71.41252,
            -33.04611
          ],
          [
            -71.41234,
            -33.04614
          ],
          [
            -71.41216,
            -33.04617
          ],
          [
            -71.41197,
            -33.0462
          ],
          [
            -71.41161,
            -33.04624
          ],
          [
            -71.41143,
            -33.04626
          ],
          [
            -71.41056,
            -33.04636
          ],
          [
            -71.40996,
            -33.04642
          ],
          [
            -71.40983,
            -33.04647
          ],
          [
            -71.40962,
            -33.04648
          ],
          [
            -71.40943,
            -33.0465
          ],
          [
            -71.4092,
            -33.04652
          ],
          [
            -71.40911,
            -33.04652
          ],
          [
            -71.40901,
            -33.04649
          ],
          [
            -71.40892,
            -33.04649
          ],
          [
            -71.4086,
            -33.04651
          ],
          [
            -71.40842,
            -33.04652
          ],
          [
            -71.40786,
            -33.04655
          ],
          [
            -71.40786,
            -33.04655
          ],
          [
            -71.40741,
            -33.04657
          ],
          [
            -71.40714,
            -33.04657
          ],
          [
            -71.40697,
            -33.04656
          ],
          [
            -71.40678,
            -33.04655
          ],
          [
            -71.40655,
            -33.04653
          ],
          [
            -71.40649,
            -33.04652
          ],
          [
            -71.40637,
            -33.04651
          ],
          [
            -71.4059,
            -33.04645
          ],
          [
            -71.40531,
            -33.04638
          ],
          [
            -71.40531,
            -33.04638
          ],
          [
            -71.40531,
            -33.04634
          ],
          [
            -71.40531,
            -33.04609
          ],
          [
            -71.40531,
            -33.046
          ],
          [
            -71.40533,
            -33.04543
          ],
          [
            -71.40533,
            -33.04537
          ],
          [
            -71.40534,
            -33.04488
          ],
          [
            -71.40536,
            -33.04437
          ],
          [
            -71.40536,
            -33.04432
          ],
          [
            -71.40536,
            -33.044
          ],
          [
            -71.40537,
            -33.04359
          ],
          [
            -71.40537,
            -33.04347
          ],
          [
            -71.40538,
            -33.04307
          ],
          [
            -71.40538,
            -33.04307
          ],
          [
            -71.40595,
            -33.0429
          ],
          [
            -71.40651,
            -33.04274
          ],
          [
            -71.40667,
            -33.04269
          ],
          [
            -71.40684,
            -33.04264
          ],
          [
            -71.40698,
            -33.0426
          ],
          [
            -71.40718,
            -33.04255
          ],
          [
            -71.40736,
            -33.04251
          ],
          [
            -71.40754,
            -33.0425
          ],
          [
            -71.40786,
            -33.04249
          ],
          [
            -71.40804,
            -33.04247
          ],
          [
            -71.40844,
            -33.04236
          ],
          [
            -71.40893,
            -33.04224
          ],
          [
            -71.40919,
            -33.04218
          ],
          [
            -71.40947,
            -33.04213
          ],
          [
            -71.40989,
            -33.04206
          ],
          [
            -71.41033,
            -33.042
          ],
          [
            -71.41044,
            -33.04198
          ],
          [
            -71.41054,
            -33.04196
          ],
          [
            -71.41058,
            -33.04195
          ],
          [
            -71.41058,
            -33.04195
          ],
          [
            -71.41065,
            -33.04193
          ],
          [
            -71.41085,
            -33.04188
          ],
          [
            -71.41109,
            -33.04178
          ],
          [
            -71.41129,
            -33.04169
          ],
          [
            -71.41148,
            -33.04159
          ],
          [
            -71.41195,
            -33.04134
          ],
          [
            -71.41209,
            -33.04128
          ],
          [
            -71.4122,
            -33.04121
          ],
          [
            -71.4122,
            -33.04121
          ],
          [
            -71.41229,
            -33.04116
          ],
          [
            -71.41226,
            -33.04108
          ],
          [
            -71.41226,
            -33.04102
          ],
          [
            -71.41226,
            -33.04099
          ],
          [
            -71.41233,
            -33.03997
          ],
          [
            -71.4124,
            -33.03886
          ],
          [
            -71.41245,
            -33.03824
          ],
          [
            -71.41245,
            -33.03824
          ],
          [
            -71.41251,
            -33.03751
          ],
          [
            -71.41257,
            -33.03688
          ],
          [
            -71.41261,
            -33.03638
          ],
          [
            -71.41261,
            -33.03638
          ],
          [
            -71.41262,
            -33.03629
          ],
          [
            -71.41251,
            -33.03628
          ],
          [
            -71.4119,
            -33.03627
          ],
          [
            -71.41125,
            -33.03625
          ],
          [
            -71.41115,
            -33.03624
          ],
          [
            -71.41086,
            -33.03624
          ],
          [
            -71.41075,
            -33.03623
          ],
          [
            -71.41055,
            -33.03623
          ],
          [
            -71.41024,
            -33.03622
          ],
          [
            -71.40993,
            -33.03621
          ],
          [
            -71.40961,
            -33.0362
          ],
          [
            -71.40922,
            -33.03619
          ],
          [
            -71.40913,
            -33.03619
          ],
          [
            -71.40899,
            -33.03618
          ],
          [
            -71.40867,
            -33.03617
          ],
          [
            -71.4082,
            -33.03616
          ],
          [
            -71.40772,
            -33.03615
          ],
          [
            -71.40772,
            -33.03615
          ],
          [
            -71.40773,
            -33.03528
          ],
          [
            -71.40775,
            -33.03423
          ],
          [
            -71.40775,
            -33.03362
          ],
          [
            -71.40776,
            -33.03301
          ],
          [
            -71.40776,
            -33.03273
          ],
          [
            -71.40776,
            -33.03268
          ],
          [
            -71.40774,
            -33.03221
          ],
          [
            -71.40773,
            -33.03195
          ],
          [
            -71.40773,
            -33.03191
          ],
          [
            -71.40773,
            -33.03191
          ],
          [
            -71.40761,
            -33.03189
          ],
          [
            -71.40746,
            -33.03188
          ],
          [
            -71.40715,
            -33.03188
          ],
          [
            -71.4071,
            -33.03188
          ],
          [
            -71.40684,
            -33.03189
          ],
          [
            -71.40628,
            -33.03189
          ],
          [
            -71.40582,
            -33.03189
          ],
          [
            -71.40577,
            -33.03189
          ],
          [
            -71.40551,
            -33.0319
          ],
          [
            -71.40498,
            -33.0319
          ],
          [
            -71.40494,
            -33.0319
          ],
          [
            -71.40488,
            -33.0319
          ],
          [
            -71.40451,
            -33.0319
          ],
          [
            -71.40443,
            -33.0319
          ],
          [
            -71.40429,
            -33.0319
          ],
          [
            -71.4042,
            -33.0319
          ],
          [
            -71.4042,
            -33.0319
          ],
          [
            -71.40413,
            -33.0319
          ],
          [
            -71.40384,
            -33.03189
          ],
          [
            -71.40318,
            -33.03188
          ],
          [
            -71.40278,
            -33.03188
          ],
          [
            -71.40228,
            -33.03187
          ],
          [
            -71.40214,
            -33.03186
          ],
          [
            -71.40202,
            -33.03184
          ],
          [
            -71.4016,
            -33.03174
          ],
          [
            -71.40126,
            -33.03167
          ],
          [
            -71.40126,
            -33.03167
          ],
          [
            -71.40123,
            -33.03175
          ],
          [
            -71.4012,
            -33.03184
          ],
          [
            -71.40118,
            -33.03192
          ],
          [
            -71.40117,
            -33.03201
          ],
          [
            -71.40118,
            -33.0321
          ],
          [
            -71.40119,
            -33.03219
          ],
          [
            -71.40121,
            -33.03225
          ],
          [
            -71.40123,
            -33.03237
          ],
          [
            -71.40124,
            -33.03248
          ],
          [
            -71.40125,
            -33.03289
          ],
          [
            -71.40125,
            -33.03402
          ],
          [
            -71.40125,
            -33.0343
          ],
          [
            -71.40126,
            -33.0347
          ],
          [
            -71.40125,
            -33.03501
          ],
          [
            -71.40125,
            -33.03513
          ],
          [
            -71.40126,
            -33.03555
          ],
          [
            -71.40125,
            -33.03589
          ],
          [
            -71.40125,
            -33.03602
          ],
          [
            -71.40126,
            -33.03702
          ],
          [
            -71.40128,
            -33.03801
          ],
          [
            -71.40128,
            -33.03801
          ],
          [
            -71.4005,
            -33.03799
          ],
          [
            -71.4004,
            -33.03798
          ],
          [
            -71.39967,
            -33.03799
          ],
          [
            -71.39967,
            -33.03799
          ],
          [
            -71.39967,
            -33.03805
          ],
          [
            -71.39967,
            -33.03848
          ],
          [
            -71.39967,
            -33.03876
          ],
          [
            -71.39968,
            -33.039
          ],
          [
            -71.39968,
            -33.03907
          ],
          [
            -71.39968,
            -33.03915
          ],
          [
            -71.39968,
            -33.03939
          ],
          [
            -71.39968,
            -33.0396
          ],
          [
            -71.39968,
            -33.03967
          ],
          [
            -71.39969,
            -33.03996
          ],
          [
            -71.39969,
            -33.04013
          ],
          [
            -71.39969,
            -33.04026
          ],
          [
            -71.3997,
            -33.04045
          ],
          [
            -71.3997,
            -33.04056
          ],
          [
            -71.39971,
            -33.04082
          ],
          [
            -71.39971,
            -33.04085
          ],
          [
            -71.39971,
            -33.04106
          ],
          [
            -71.39972,
            -33.04135
          ],
          [
            -71.39974,
            -33.04227
          ],
          [
            -71.39974,
            -33.04234
          ],
          [
            -71.39974,
            -33.04234
          ],
          [
            -71.39984,
            -33.04234
          ],
          [
            -71.40012,
            -33.04234
          ],
          [
            -71.40049,
            -33.04235
          ],
          [
            -71.40055,
            -33.04235
          ],
          [
            -71.40102,
            -33.04235
          ],
          [
            -71.40121,
            -33.04236
          ],
          [
            -71.40191,
            -33.04238
          ],
          [
            -71.40197,
            -33.04238
          ],
          [
            -71.40197,
            -33.04238
          ],
          [
            -71.40201,
            -33.04323
          ],
          [
            -71.40203,
            -33.0438
          ],
          [
            -71.40203,
            -33.0438
          ],
          [
            -71.40203,
            -33.04381
          ],
          [
            -71.40203,
            -33.04386
          ],
          [
            -71.4012,
            -33.044
          ],
          [
            -71.40054,
            -33.04412
          ],
          [
            -71.40005,
            -33.04422
          ],
          [
            -71.39977,
            -33.04427
          ],
          [
            -71.39977,
            -33.0442
          ],
          [
            -71.39977,
            -33.04418
          ],
          [
            -71.39977,
            -33.04396
          ],
          [
            -71.39977,
            -33.04369
          ],
          [
            -71.39976,
            -33.04356
          ],
          [
            -71.39976,
            -33.04356
          ],
          [
            -71.39976,
            -33.04344
          ],
          [
            -71.39974,
            -33.04255
          ]
        ],
        "type": "LineString"
      },
      "properties": {
        "name": "125 I"
      },
      "type": "Feature"
    },
    {
      "geometry": {
        "coordinates": [
          [
            -71.40201,
            -33.04323
          ],
          [
            -71.40201,
            -33.04323
          ],
          [
            -71.40201,
            -33.04323
          ],
          [
            -71.4012,
            -33.04324
          ],
          [
            -71.4012,
            -33.04324
          ],
          [
            -71.40121,
            -33.04243
          ],
          [
            -71.40121,
            -33.04236
          ],
          [
            -71.40121,
            -33.04236
          ],
          [
            -71.40102,
            -33.04235
          ],
          [
            -71.40055,
            -33.04235
          ],
          [
            -71.40049,
            -33.04235
          ],
          [
            -71.40012,
            -33.04234
          ],
          [
            -71.39984,
            -33.04234
          ],
          [
            -71.39974,
            -33.04234
          ],
          [
            -71.39974,
            -33.04234
          ],
          [
            -71.39974,
            -33.04227
          ],
          [
            -71.39972,
            -33.04135
          ],
          [
            -71.39971,
            -33.04106
          ],
          [
            -71.39971,
            -33.04085
          ],
          [
            -71.39971,
            -33.04082
          ],
          [
            -71.3997,
            -33.04056
          ],
          [
            -71.3997,
            -33.04045
          ],
          [
            -71.39969,
            -33.04026
          ],
          [
            -71.39969,
            -33.04013
          ],
          [
            -71.39969,
            -33.03996
          ],
          [
            -71.39968,
            -33.03967
          ],
          [
            -71.39968,
            -33.0396
          ],
          [
            -71.39968,
            -33.03939
          ],
          [
            -71.39968,
            -33.03915
          ],
          [
            -71.39968,
            -33.03907
          ],
          [
            -71.39968,
            -33.039
          ],
          [
            -71.39967,
            -33.03876
          ],
          [
            -71.39967,
            -33.03848
          ],
          [
            -71.39967,
            -33.03805
          ],
          [
            -71.39967,
            -33.03799
          ],
          [
            -71.39967,
            -33.03799
          ],
          [
            -71.4004,
            -33.03798
          ],
          [
            -71.4005,
            -33.03799
          ],
          [
            -71.40128,
            -33.03801
          ],
          [
            -71.40128,
            -33.03801
          ],
          [
            -71.40126,
            -33.03702
          ],
          [
            -71.40125,
            -33.03602
          ],
          [
            -71.40125,
            -33.03589
          ],
          [
            -71.40126,
            -33.03555
          ],
          [
            -71.40125,
            -33.03513
          ],
          [
            -71.40125,
            -33.03501
          ],
          [
            -71.40126,
            -33.0347
          ],
          [
            -71.40125,
            -33.0343
          ],
          [
            -71.40125,
            -33.03402
          ],
          [
            -71.40125,
            -33.03289
          ],
          [
            -71.40124,
            -33.03248
          ],
          [
            -71.40123,
            -33.03237
          ],
          [
            -71.40121,
            -33.03225
          ],
          [
            -71.40121,
            -33.03225
          ],
          [
            -71.40119,
            -33.03219
          ],
          [
            -71.40118,
            -33.0321
          ],
          [
            -71.40117,
            -33.03201
          ],
          [
            -71.40118,
            -33.03192
          ],
          [
            -71.4012,
            -33.03184
          ],
          [
            -71.40123,
            -33.03175
          ],
          [
            -71.40126,
            -33.03167
          ],
          [
            -71.4016,
            -33.03174
          ],
          [
            -71.40202,
            -33.03184
          ],
          [
            -71.40214,
            -33.03186
          ],
          [
            -71.40228,
            -33.03187
          ],
          [
            -71.40278,
            -33.03188
          ],
          [
            -71.40318,
            -33.03188
          ],
          [
            -71.40384,
            -33.03189
          ],
          [
            -71.40413,
            -33.0319
          ],
          [
            -71.4042,
            -33.0319
          ],
          [
            -71.40429,
            -33.0319
          ],
          [
            -71.40443,
            -33.0319
          ],
          [
            -71.40451,
            -33.0319
          ],
          [
            -71.40488,
            -33.0319
          ],
          [
            -71.40494,
            -33.0319
          ],
          [
            -71.40498,
            -33.0319
          ],
          [
            -71.40551,
            -33.0319
          ],
          [
            -71.40577,
            -33.03189
          ],
          [
            -71.40582,
            -33.03189
          ],
          [
            -71.40628,
            -33.03189
          ],
          [
            -71.40684,
            -33.03189
          ],
          [
            -71.4071,
            -33.03188
          ],
          [
            -71.40715,
            -33.03188
          ],
          [
            -71.40746,
            -33.03188
          ],
          [
            -71.40746,
            -33.03188
          ],
          [
            -71.40761,
            -33.03189
          ],
          [
            -71.40773,
            -33.03191
          ],
          [
            -71.40774,
            -33.03221
          ],
          [
            -71.40776,
            -33.03268
          ],
          [
            -71.40776,
            -33.03273
          ],
          [
            -71.40776,
            -33.03301
          ],
          [
            -71.40775,
            -33.03362
          ],
          [
            -71.40775,
            -33.03423
          ],
          [
            -71.40773,
            -33.03528
          ],
          [
            -71.40772,
            -33.03615
          ],
          [
            -71.40772,
            -33.03615
          ],
          [
            -71.4082,
            -33.03616
          ],
          [
            -71.40867,
            -33.03617
          ],
          [
            -71.40899,
            -33.03618
          ],
          [
            -71.40913,
            -33.03619
          ],
          [
            -71.40922,
            -33.03619
          ],
          [
            -71.40961,
            -33.0362
          ],
          [
            -71.40993,
            -33.03621
          ],
          [
            -71.41024,
            -33.03622
          ],
          [
            -71.41055,
            -33.03623
          ],
          [
            -71.41075,
            -33.03623
          ],
          [
            -71.41086,
            -33.03624
          ],
          [
            -71.41115,
            -33.03624
          ],
          [
            -71.41125,
            -33.03625
          ],
          [
            -71.4119,
            -33.03627
          ],
          [
            -71.41251,
            -33.03628
          ],
          [
            -71.41262,
            -33.03629
          ],
          [
            -71.41262,
            -33.03629
          ],
          [
            -71.41275,
            -33.03628
          ],
          [
            -71.41271,
            -33.03688
          ],
          [
            -71.4126,
            -33.03819
          ],
          [
            -71.4126,
            -33.03824
          ],
          [
            -71.41258,
            -33.03845
          ],
          [
            -71.41257,
            -33.03859
          ],
          [
            -71.41238,
            -33.04104
          ],
          [
            -71.41238,
            -33.04104
          ],
          [
            -71.41238,
            -33.04108
          ],
          [
            -71.41238,
            -33.04112
          ],
          [
            -71.41229,
            -33.04116
          ],
          [
            -71.41209,
            -33.04128
          ],
          [
            -71.41195,
            -33.04134
          ],
          [
            -71.41148,
            -33.04159
          ],
          [
            -71.41129,
            -33.04169
          ],
          [
            -71.41109,
            -33.04178
          ],
          [
            -71.41085,
            -33.04188
          ],
          [
            -71.41065,
            -33.04193
          ],
          [
            -71.41054,
            -33.04196
          ],
          [
            -71.41044,
            -33.04198
          ],
          [
            -71.41033,
            -33.042
          ],
          [
            -71.40989,
            -33.04206
          ],
          [
            -71.40947,
            -33.04213
          ],
          [
            -71.40919,
            -33.04218
          ],
          [
            -71.40893,
            -33.04224
          ],
          [
            -71.40844,
            -33.04236
          ],
          [
            -71.40804,
            -33.04247
          ],
          [
            -71.40786,
            -33.04249
          ],
          [
            -71.40754,
            -33.0425
          ],
          [
            -71.40736,
            -33.04251
          ],
          [
            -71.40718,
            -33.04255
          ],
          [
            -71.40698,
            -33.0426
          ],
          [
            -71.40684,
            -33.04264
          ],
          [
            -71.40667,
            -33.04269
          ],
          [
            -71.40651,
            -33.04274
          ],
          [
            -71.40595,
            -33.0429
          ],
          [
            -71.40538,
            -33.04307
          ],
          [
            -71.40538,
            -33.04307
          ],
          [
            -71.40537,
            -33.04347
          ],
          [
            -71.40537,
            -33.04359
          ],
          [
            -71.40536,
            -33.044
          ],
          [
            -71.40536,
            -33.04432
          ],
          [
            -71.40536,
            -33.04437
          ],
          [
            -71.40534,
            -33.04488
          ],
          [
            -71.40533,
            -33.04537
          ],
          [
            -71.40533,
            -33.04543
          ],
          [
            -71.40531,
            -33.046
          ],
          [
            -71.40531,
            -33.04609
          ],
          [
            -71.40531,
            -33.04634
          ],
          [
            -71.40531,
            -33.04634
          ],
          [
            -71.40531,
            -33.04638
          ],
          [
            -71.4059,
            -33.04645
          ],
          [
            -71.40637,
            -33.04651
          ],
          [
            -71.40649,
            -33.04652
          ],
          [
            -71.40655,
            -33.04653
          ],
          [
            -71.40678,
            -33.04655
          ],
          [
            -71.40697,
            -33.04656
          ],
          [
            -71.40714,
            -33.04657
          ],
          [
            -71.40741,
            -33.04657
          ],
          [
            -71.40786,
            -33.04655
          ],
          [
            -71.40842,
            -33.04652
          ],
          [
            -71.4086,
            -33.04651
          ],
          [
            -71.40892,
            -33.04649
          ],
          [
            -71.40901,
            -33.04649
          ],
          [
            -71.40913,
            -33.04645
          ],
          [
            -71.40929,
            -33.04643
          ],
          [
            -71.40943,
            -33.04643
          ],
          [
            -71.40962,
            -33.04641
          ],
          [
            -71.40983,
            -33.0464
          ],
          [
            -71.40996,
            -33.04642
          ],
          [
            -71.41056,
            -33.04636
          ],
          [
            -71.41143,
            -33.04626
          ],
          [
            -71.41161,
            -33.04624
          ],
          [
            -71.41197,
            -33.0462
          ],
          [
            -71.41216,
            -33.04617
          ],
          [
            -71.41234,
            -33.04614
          ],
          [
            -71.41252,
            -33.04611
          ],
          [
            -71.41285,
            -33.04603
          ],
          [
            -71.41309,
            -33.04595
          ],
          [
            -71.41326,
            -33.0459
          ],
          [
            -71.41348,
            -33.04582
          ],
          [
            -71.41371,
            -33.04574
          ],
          [
            -71.41437,
            -33.04551
          ],
          [
            -71.4149,
            -33.04533
          ],
          [
            -71.41515,
            -33.04525
          ],
          [
            -71.41529,
            -33.0452
          ],
          [
            -71.41555,
            -33.0451
          ],
          [
            -71.41601,
            -33.04498
          ],
          [
            -71.41613,
            -33.04496
          ],
          [
            -71.41624,
            -33.04495
          ],
          [
            -71.41638,
            -33.04492
          ],
          [
            -71.41646,
            -33.04491
          ],
          [
            -71.41682,
            -33.04487
          ],
          [
            -71.41693,
            -33.04486
          ],
          [
            -71.41714,
            -33.04483
          ],
          [
            -71.41723,
            -33.04482
          ],
          [
            -71.41727,
            -33.04481
          ],
          [
            -71.41735,
            -33.0448
          ],
          [
            -71.41747,
            -33.04477
          ],
          [
            -71.41762,
            -33.04473
          ],
          [
            -71.41798,
            -33.0446
          ],
          [
            -71.41842,
            -33.04445
          ],
          [
            -71.41842,
            -33.04445
          ],
          [
            -71.41872,
            -33.04435
          ],
          [
            -71.4189,
            -33.04429
          ],
          [
            -71.41923,
            -33.04419
          ],
          [
            -71.4193,
            -33.04416
          ],
          [
            -71.42047,
            -33.04377
          ],
          [
            -71.4213,
            -33.04351
          ],
          [
            -71.42137,
            -33.04349
          ],
          [
            -71.42164,
            -33.0434
          ],
          [
            -71.42269,
            -33.04305
          ],
          [
            -71.42356,
            -33.04281
          ],
          [
            -71.42369,
            -33.04277
          ],
          [
            -71.42425,
            -33.0426
          ],
          [
            -71.42485,
            -33.04242
          ],
          [
            -71.42523,
            -33.04233
          ],
          [
            -71.42574,
            -33.04223
          ],
          [
            -71.42598,
            -33.0422
          ],
          [
            -71.42624,
            -33.04218
          ],
          [
            -71.42648,
            -33.04217
          ],
          [
            -71.42672,
            -33.04217
          ],
          [
            -71.42706,
            -33.04219
          ],
          [
            -71.42718,
            -33.0422
          ],
          [
            -71.42729,
            -33.04221
          ],
          [
            -71.4275,
            -33.04223
          ],
          [
            -71.42767,
            -33.04225
          ],
          [
            -71.42788,
            -33.04227
          ],
          [
            -71.42817,
            -33.04229
          ],
          [
            -71.42851,
            -33.04229
          ],
          [
            -71.42917,
            -33.04228
          ],
          [
            -71.42964,
            -33.04227
          ],
          [
            -71.42985,
            -33.04226
          ],
          [
            -71.43005,
            -33.04228
          ],
          [
            -71.43022,
            -33.04231
          ],
          [
            -71.43083,
            -33.04247
          ],
          [
            -71.43151,
            -33.04264
          ],
          [
            -71.43202,
            -33.04277
          ],
          [
            -71.43283,
            -33.04298
          ],
          [
            -71.43297,
            -33.04302
          ],
          [
            -71.43313,
            -33.04306
          ],
          [
            -71.43435,
            -33.04339
          ],
          [
            -71.43467,
            -33.04347
          ],
          [
            -71.43478,
            -33.04351
          ],
          [
            -71.43569,
            -33.04392
          ],
          [
            -71.43658,
            -33.04431
          ],
          [
            -71.43683,
            -33.04442
          ],
          [
            -71.43699,
            -33.04449
          ],
          [
            -71.43715,
            -33.04456
          ],
          [
            -71.43799,
            -33.04493
          ],
          [
            -71.43801,
            -33.04494
          ],
          [
            -71.43829,
            -33.04508
          ],
          [
            -71.43844,
            -33.04515
          ],
          [
            -71.43987,
            -33.04586
          ],
          [
            -71.44013,
            -33.04598
          ],
          [
            -71.44022,
            -33.04602
          ],
          [
            -71.4405,
            -33.04615
          ],
          [
            -71.44069,
            -33.0462
          ],
          [
            -71.44084,
            -33.04623
          ],
          [
            -71.44102,
            -33.04624
          ],
          [
            -71.4411,
            -33.04625
          ],
          [
            -71.4412,
            -33.04627
          ],
          [
            -71.44126,
            -33.04629
          ],
          [
            -71.44131,
            -33.04633
          ],
          [
            -71.44141,
            -33.04641
          ],
          [
            -71.44194,
            -33.04696
          ],
          [
            -71.44264,
            -33.04772
          ],
          [
            -71.44274,
            -33.04781
          ],
          [
            -71.44297,
            -33.04803
          ],
          [
            -71.44297,
            -33.04803
          ],
          [
            -71.44303,
            -33.04808
          ],
          [
            -71.44306,
            -33.04811
          ],
          [
            -71.4431,
            -33.04814
          ],
          [
            -71.44312,
            -33.04815
          ],
          [
            -71.44316,
            -33.04817
          ],
          [
            -71.44319,
            -33.04818
          ],
          [
            -71.44326,
            -33.04819
          ],
          [
            -71.44333,
            -33.04819
          ],
          [
            -71.44355,
            -33.04818
          ],
          [
            -71.44379,
            -33.04816
          ],
          [
            -71.44419,
            -33.04812
          ],
          [
            -71.44427,
            -33.04811
          ],
          [
            -71.4444,
            -33.04809
          ],
          [
            -71.44447,
            -33.04809
          ],
          [
            -71.44462,
            -33.04807
          ],
          [
            -71.44462,
            -33.04807
          ],
          [
            -71.44468,
            -33.04806
          ],
          [
            -71.44462,
            -33.04799
          ],
          [
            -71.44461,
            -33.04787
          ],
          [
            -71.4446,
            -33.04751
          ],
          [
            -71.44454,
            -33.04665
          ],
          [
            -71.44453,
            -33.04661
          ],
          [
            -71.44453,
            -33.04622
          ],
          [
            -71.44452,
            -33.04597
          ],
          [
            -71.44452,
            -33.04597
          ],
          [
            -71.44451,
            -33.04564
          ],
          [
            -71.44451,
            -33.04564
          ],
          [
            -71.44451,
            -33.04562
          ],
          [
            -71.44451,
            -33.04557
          ],
          [
            -71.44459,
            -33.04557
          ],
          [
            -71.44509,
            -33.04558
          ],
          [
            -71.44524,
            -33.04559
          ],
          [
            -71.4453,
            -33.04571
          ],
          [
            -71.44533,
            -33.04601
          ],
          [
            -71.44536,
            -33.04617
          ],
          [
            -71.44537,
            -33.04652
          ]
        ],
        "type": "LineString"
      },
      "properties": {
        "name": "125 R"
      },
      "type": "Feature"
    }
  ],
  "type": "FeatureCollection"
}